Job Role,Skills
AI Researcher,"NLP, Python, Pytorch, TensorFlow"
Cybersecurity Analyst,"Cybersecurity, Ethical Hacking, Linux, Networking"
Data Scientist,"Deep Learning, Machine Learning, Python, SQL"
Software Engineer,"C++, Java, React, SQL"
AI Researcher,"Python, TensorFlow, NLP, Pytorch"
Data Scientist,"Python, SQL, Machine Learning, Deep Learning"
Cybersecurity Analyst,"Cybersecurity, Ethical Hacking, Linux, Networking"
Software Engineer,"Java, React, SQL, C++"
Web Developer,"HTML, CSS, JavaScript, React"
Cloud Engineer,"AWS, Docker, Kubernetes, Terraform"
DevOps Engineer,"CI/CD, Jenkins, Docker, Ansible"
Mobile App Developer,"Flutter, Kotlin, React Native, Swift"
Database Administrator,"MySQL, PostgreSQL, MongoDB, Oracle"
Game Developer,"Unity, Unreal Engine, C#, C++"
AI Researcher,"Python, Keras, Pytorch, TensorFlow"
Data Scientist,"R, SQL, Python, Data Visualization"
Cybersecurity Analyst,"Penetration Testing, Kali Linux, Cybersecurity, Firewalls"
Software Engineer,"Golang, Java, Microservices, Spring Boot"
Web Developer,"Vue.js, HTML, CSS, JavaScript"
Cloud Engineer,"Azure, AWS, GCP, Docker"
DevOps Engineer,"Kubernetes, Prometheus, Grafana, Jenkins"
Mobile App Developer,"Swift, Objective-C, React Native, Flutter"
Database Administrator,"Oracle, Redis, Cassandra, PostgreSQL"
Game Developer,"OpenGL, C++, Unity, Blender"
AI Researcher,"NLP, Computer Vision, Pytorch, TensorFlow"
Data Scientist,"Deep Learning, Scikit-learn, Python, SQL"
Cybersecurity Analyst,"Incident Response, Linux, Ethical Hacking, IDS"
Software Engineer,"C#, .NET, SQL, React"
Web Developer,"Next.js, Tailwind CSS, JavaScript, HTML"
Cloud Engineer,"Docker, Kubernetes, AWS, Helm"
DevOps Engineer,"GitLab CI, Docker, Ansible, Terraform"
Mobile App Developer,"Java, Kotlin, Flutter, React Native"
Database Administrator,"PostgreSQL, MySQL, MongoDB, ElasticSearch"
Game Developer,"Godot, Unity, C#, C++"
AI Researcher,"Reinforcement Learning, TensorFlow, Python, Pytorch"
Data Scientist,"Statistics, SQL, Python, Machine Learning"
Cybersecurity Analyst,"SIEM, Linux, Networking, Cybersecurity"
Software Engineer,"Node.js, Java, React, SQL"
Web Developer,"SASS, HTML, CSS, JavaScript"
Cloud Engineer,"GCP, Docker, Kubernetes, AWS"
DevOps Engineer,"Chef, Puppet, Docker, CI/CD"
Mobile App Developer,"Flutter, Dart, React Native, Kotlin"
Database Administrator,"SQL Server, MongoDB, MySQL, Oracle"
Game Developer,"C++, Unity, Unreal Engine, DirectX"
AI Researcher,"TensorFlow, NLP, GANs, Python"
Data Scientist,"Python, R, Machine Learning, SQL"
Cybersecurity Analyst,"Ethical Hacking, Cybersecurity, Networking, IDS"
Software Engineer,"Java, Spring Boot, SQL, React"
Web Developer,"Angular, HTML, CSS, JavaScript"
Cloud Engineer,"AWS, Terraform, Kubernetes, Docker"
DevOps Engineer,"Ansible, Docker, Jenkins, Kubernetes"
Mobile App Developer,"React Native, Kotlin, Swift, Flutter"
Database Administrator,"MongoDB, MySQL, PostgreSQL, Cassandra"
Game Developer,"Blender, Unity, C#, C++"
AI Researcher,"Computer Vision, TensorFlow, Python, Pytorch"
Data Scientist,"Deep Learning, SQL, Python, Scikit-learn"
Cybersecurity Analyst,"Firewalls, Linux, Networking, Cybersecurity"
Software Engineer,"C++, Java, React, SQL"
Web Developer,"JavaScript, CSS, HTML, React"
Cloud Engineer,"Azure, AWS, Docker, Kubernetes"
DevOps Engineer,"Jenkins, GitLab CI, Docker, Ansible"
Mobile App Developer,"Swift, Objective-C, React Native, Kotlin"
Database Administrator,"Oracle, MySQL, PostgreSQL, MongoDB"
Game Developer,"Unity, C#, Unreal Engine, OpenGL"
AI Researcher,"TensorFlow, NLP, Python, Pytorch"
Data Scientist,"Machine Learning, SQL, Python, Deep Learning"
Cybersecurity Analyst,"Penetration Testing, Cybersecurity, Linux, IDS"
Software Engineer,"Java, React, SQL, Microservices"
Web Developer,"Vue.js, JavaScript, HTML, CSS"
Cloud Engineer,"AWS, Docker, Kubernetes, Helm"
DevOps Engineer,"Docker, Ansible, CI/CD, Jenkins"
Mobile App Developer,"React Native, Kotlin, Flutter, Swift"
Database Administrator,"PostgreSQL, Oracle, MongoDB, MySQL"
Game Developer,"C++, Unity, Blender, C#"
AI Researcher,"Reinforcement Learning, GANs, Python, Pytorch"
Data Scientist,"Data Cleaning, Statistics, Python, SQL"
Cybersecurity Analyst,"IDS, Networking, Ethical Hacking, Linux"
Software Engineer,"C#, .NET, Microservices, React"
Web Developer,"Next.js, Tailwind CSS, CSS, JavaScript"
Cloud Engineer,"Helm, AWS, Docker, Kubernetes"
DevOps Engineer,"Terraform, Docker, CI/CD, Jenkins"
Mobile App Developer,"Kotlin, Swift, Flutter, React Native"
Database Administrator,"MongoDB, Redis, PostgreSQL, MySQL"
Game Developer,"Unity, OpenGL, C#, Unreal Engine"
Frontend Developer,"HTML, CSS, JavaScript, Reactjs, Nextjs"
Full Stack Developer,"HTML, CSS, JavaScript, Reactjs, Nextjs, SQL, MongoDB, Nodejs, Expressjs"